NS,W,RWD,Displacement_Step,Predicted_kPa,,
25,30,0,0,1.250274539,,
25,30,0,0.306122449,2.399772167,,
25,30,0,0.612244898,3.5306952,,
25,30,0,0.918367347,4.549508572,,
25,30,0,1.224489796,5.358403206,,
25,30,0,1.530612245,6.163935661,,
25,30,0,1.836734694,6.989030838,,
25,30,0,2.142857143,7.688631058,,
25,30,0,2.448979592,8.363665581,,
25,30,0,2.755102041,9.027134895,,
25,30,0,3.06122449,9.694789886,,
25,30,0,3.367346939,10.35059643,,
25,30,0,3.673469388,10.98799706,,
25,30,0,3.979591837,11.56839371,,
25,30,0,4.285714286,12.09840679,,
25,30,0,4.591836735,12.55505753,,
25,30,0,4.897959184,12.99313545,,
25,30,0,5.204081633,13.4126339,,
25,30,0,5.510204082,13.83229446,,
25,30,0,5.816326531,14.18731689,,
25,30,0,6.12244898,14.52314568,,
25,30,0,6.428571429,14.8404007,,
25,30,0,6.734693878,15.13907814,,
25,30,0,7.040816327,15.43805695,,
25,30,0,7.346938776,15.71871281,,
25,30,0,7.653061224,15.98079491,,
25,30,0,7.959183673,16.22430229,,
25,30,0,8.265306122,16.44923401,,
25,30,0,8.571428571,16.65559196,,
25,30,0,8.87755102,16.83035278,,
25,30,0,9.183673469,16.90642166,,
25,30,0,9.489795918,16.99747086,,
25,30,0,9.795918367,17.10783195,,
25,30,0,10.10204082,17.19859695,,
25,30,0,10.40816327,17.22585106,,
25,30,0,10.71428571,17.23655128,,
25,30,0,11.02040816,17.22867203,,
25,30,0,11.32653061,17.2022171,,
25,30,0,11.63265306,17.15718842,,
25,30,0,11.93877551,17.09358406,,
25,30,0,12.24489796,17.01140594,,
25,30,0,12.55102041,16.91065407,,
25,30,0,12.85714286,16.79544449,,
25,30,0,13.16326531,16.66210747,,
25,30,0,13.46938776,16.51019096,,
25,30,0,13.7755102,16.33971024,,
25,30,0,14.08163265,16.1506424,,
25,30,0,14.3877551,15.94007301,,
25,30,0,14.69387755,15.70726585,,
25,30,0,15,15.49188614,,17.23655128
25,30,1,0,2.580063343,,
25,30,1,0.306122449,3.834608555,,
25,30,1,0.612244898,5.09117794,,
25,30,1,0.918367347,6.212114334,,
25,30,1,1.224489796,7.33779335,,
25,30,1,1.530612245,8.223145485,,
25,30,1,1.836734694,9.076480865,,
25,30,1,2.142857143,9.91123867,,
25,30,1,2.448979592,10.72742367,,
25,30,1,2.755102041,11.48927975,,
25,30,1,3.06122449,12.1539135,,
25,30,1,3.367346939,12.79302788,,
25,30,1,3.673469388,13.44332504,,
25,30,1,3.979591837,14.02470589,,
25,30,1,4.285714286,14.57579041,,
25,30,1,4.591836735,15.05245686,,
25,30,1,4.897959184,15.50764465,,
25,30,1,5.204081633,15.9662981,,
25,30,1,5.510204082,16.40637779,,
25,30,1,5.816326531,16.84226418,,
25,30,1,6.12244898,17.27271271,,
25,30,1,6.428571429,17.69298935,,
25,30,1,6.734693878,18.01403427,,
25,30,1,7.040816327,18.30760956,,
25,30,1,7.346938776,18.58260727,,
25,30,1,7.653061224,18.83903122,,
25,30,1,7.959183673,19.07687759,,
25,30,1,8.265306122,19.29615211,,
25,30,1,8.571428571,19.49684906,,
25,30,1,8.87755102,19.72088242,,
25,30,1,9.183673469,19.94774628,,
25,30,1,9.489795918,20.1561985,,
25,30,1,9.795918367,20.36123466,,
25,30,1,10.10204082,20.54769707,,
25,30,1,10.40816327,20.71959686,,
25,30,1,10.71428571,20.88887024,,
25,30,1,11.02040816,20.97779846,,
25,30,1,11.32653061,21.0417347,,
25,30,1,11.63265306,21.08210182,,
25,30,1,11.93877551,21.10378838,,
25,30,1,12.24489796,21.10690117,,
25,30,1,12.55102041,21.09143829,,
25,30,1,12.85714286,21.05739784,,
25,30,1,13.16326531,21.00478745,,
25,30,1,13.46938776,20.93359756,,
25,30,1,13.7755102,20.84383392,,
25,30,1,14.08163265,20.71172523,,
25,30,1,14.3877551,20.556427,,
25,30,1,14.69387755,20.38255501,,
25,30,1,15,20.18921661,,21.10690117
25,30,2,0,3.455119371,,
25,30,2,0.306122449,4.562083721,,
25,30,2,0.612244898,5.727371693,,
25,30,2,0.918367347,6.898033142,,
25,30,2,1.224489796,8.036483765,,
25,30,2,1.530612245,9.170611382,,
25,30,2,1.836734694,10.08220673,,
25,30,2,2.142857143,10.84439087,,
25,30,2,2.448979592,11.58800125,,
25,30,2,2.755102041,12.31303501,,
25,30,2,3.06122449,13.01949596,,
25,30,2,3.367346939,13.59886837,,
25,30,2,3.673469388,14.15810776,,
25,30,2,3.979591837,14.69877052,,
25,30,2,4.285714286,15.22085953,,
25,30,2,4.591836735,15.72437382,,
25,30,2,4.897959184,16.20931053,,
25,30,2,5.204081633,16.67567444,,
25,30,2,5.510204082,17.12346268,,
25,30,2,5.816326531,17.55267715,,
25,30,2,6.12244898,17.96331596,,
25,30,2,6.428571429,18.35538101,,
25,30,2,6.734693878,18.73664856,,
25,30,2,7.040816327,19.11717606,,
25,30,2,7.346938776,19.48443222,,
25,30,2,7.653061224,19.77361488,,
25,30,2,7.959183673,20.02724266,,
25,30,2,8.265306122,20.26229477,,
25,30,2,8.571428571,20.49118423,,
25,30,2,8.87755102,20.69419098,,
25,30,2,9.183673469,20.87046051,,
25,30,2,9.489795918,21.03655243,,
25,30,2,9.795918367,21.22150421,,
25,30,2,10.10204082,21.39194298,,
25,30,2,10.40816327,21.55620384,,
25,30,2,10.71428571,21.77675247,,
25,30,2,11.02040816,22.00197411,,
25,30,2,11.32653061,22.20862198,,
25,30,2,11.63265306,22.396698,,
25,30,2,11.93877551,22.56619644,,
25,30,2,12.24489796,22.71711731,,
25,30,2,12.55102041,22.84946632,,
25,30,2,12.85714286,22.96324158,,
25,30,2,13.16326531,23.05844116,,
25,30,2,13.46938776,23.1242466,,
25,30,2,13.7755102,23.13523865,,
25,30,2,14.08163265,23.12765312,,
25,30,2,14.3877551,23.10149384,,
25,30,2,14.69387755,23.0567627,,
25,30,2,15,22.99345589,,23.13523865
25,30,3,0,3.503015518,,
25,30,3,0.306122449,4.684703827,,
25,30,3,0.612244898,5.869972706,,
25,30,3,0.918367347,7.021183491,,
25,30,3,1.224489796,8.163738251,,
25,30,3,1.530612245,9.287718773,,
25,30,3,1.836734694,10.233284,,
25,30,3,2.142857143,11.07778358,,
25,30,3,2.448979592,11.89175987,,
25,30,3,2.755102041,12.56973076,,
25,30,3,3.06122449,13.21299362,,
25,30,3,3.367346939,13.83768463,,
25,30,3,3.673469388,14.44379807,,
25,30,3,3.979591837,15.03133774,,
25,30,3,4.285714286,15.6003027,,
25,30,3,4.591836735,16.15069199,,
25,30,3,4.897959184,16.68250656,,
25,30,3,5.204081633,17.19574547,,
25,30,3,5.510204082,17.69063759,,
25,30,3,5.816326531,18.18695831,,
25,30,3,6.12244898,18.66470528,,
25,30,3,6.428571429,19.12387466,,
25,30,3,6.734693878,19.56447411,,
25,30,3,7.040816327,19.98649597,,
25,30,3,7.346938776,20.38994217,,
25,30,3,7.653061224,20.77481461,,
25,30,3,7.959183673,21.14111137,,
25,30,3,8.265306122,21.47040558,,
25,30,3,8.571428571,21.71731186,,
25,30,3,8.87755102,21.93518639,,
25,30,3,9.183673469,22.16465187,,
25,30,3,9.489795918,22.37932587,,
25,30,3,9.795918367,22.59744072,,
25,30,3,10.10204082,22.81088829,,
25,30,3,10.40816327,23.01153564,,
25,30,3,10.71428571,23.22421646,,
25,30,3,11.02040816,23.41944885,,
25,30,3,11.32653061,23.59610558,,
25,30,3,11.63265306,23.75418854,,
25,30,3,11.93877551,23.89369774,,
25,30,3,12.24489796,24.01462936,,
25,30,3,12.55102041,24.15520477,,
25,30,3,12.85714286,24.30230141,,
25,30,3,13.16326531,24.40154648,,
25,30,3,13.46938776,24.46443367,,
25,30,3,13.7755102,24.50874901,,
25,30,3,14.08163265,24.53448868,,
25,30,3,14.3877551,24.54165268,,
25,30,3,14.69387755,24.53024483,,
25,30,3,15,24.50026321,,24.54165268
25,30,4,0,3.189759254,,
25,30,4,0.306122449,4.397405148,,
25,30,4,0.612244898,5.600657463,,
25,30,4,0.918367347,6.797329903,,
25,30,4,1.224489796,7.97543335,,
25,30,4,1.530612245,9.134961128,,
25,30,4,1.836734694,10.23739433,,
25,30,4,2.142857143,11.05607986,,
25,30,4,2.448979592,11.82548904,,
25,30,4,2.755102041,12.57632256,,
25,30,4,3.06122449,13.3085804,,
25,30,4,3.367346939,14.02226353,,
25,30,4,3.673469388,14.71737099,,
25,30,4,3.979591837,15.39194679,,
25,30,4,4.285714286,16.01446533,,
25,30,4,4.591836735,16.61841011,,
25,30,4,4.897959184,17.20378113,,
25,30,4,5.204081633,17.77057648,,
25,30,4,5.510204082,18.31879807,,
25,30,4,5.816326531,18.84844017,,
25,30,4,6.12244898,19.35951233,,
25,30,4,6.428571429,19.85200691,,
25,30,4,6.734693878,20.32592773,,
25,30,4,7.040816327,20.78127289,,
25,30,4,7.346938776,21.21422958,,
25,30,4,7.653061224,21.61338043,,
25,30,4,7.959183673,21.99981308,,
25,30,4,8.265306122,22.36766815,,
25,30,4,8.571428571,22.71695328,,
25,30,4,8.87755102,23.04766273,,
25,30,4,9.183673469,23.35979462,,
25,30,4,9.489795918,23.58781433,,
25,30,4,9.795918367,23.77585983,,
25,30,4,10.10204082,23.9695015,,
25,30,4,10.40816327,24.1674099,,
25,30,4,10.71428571,24.38412666,,
25,30,4,11.02040816,24.59513664,,
25,30,4,11.32653061,24.78757477,,
25,30,4,11.63265306,24.96143532,,
25,30,4,11.93877551,25.11672211,,
25,30,4,12.24489796,25.25343323,,
25,30,4,12.55102041,25.37376595,,
25,30,4,12.85714286,25.44381332,,
25,30,4,13.16326531,25.49528694,,
25,30,4,13.46938776,25.52818298,,
25,30,4,13.7755102,25.54251099,,
25,30,4,14.08163265,25.53825951,,
25,30,4,14.3877551,25.55180931,,
25,30,4,14.69387755,25.57372284,,
25,30,4,15,25.57706261,,25.57706261
25,30,5,0,2.403722286,,
25,30,5,0.306122449,3.66286397,,
25,30,5,0.612244898,4.913062572,,
25,30,5,0.918367347,6.144687653,,
25,30,5,1.224489796,7.357738495,,
25,30,5,1.530612245,8.504325867,,
25,30,5,1.836734694,9.598882675,,
25,30,5,2.142857143,10.67486191,,
25,30,5,2.448979592,11.51786613,,
25,30,5,2.755102041,12.30103397,,
25,30,5,3.06122449,13.0656271,,
25,30,5,3.367346939,13.81164455,,
25,30,5,3.673469388,14.53908634,,
25,30,5,3.979591837,15.24795341,,
25,30,5,4.285714286,15.93824577,,
25,30,5,4.591836735,16.60996437,,
25,30,5,4.897959184,17.2631073,,
25,30,5,5.204081633,17.89767647,,
25,30,5,5.510204082,18.51366806,,
25,30,5,5.816326531,19.08367538,,
25,30,5,6.12244898,19.62708092,,
25,30,5,6.428571429,20.15403748,,
25,30,5,6.734693878,20.65790176,,
25,30,5,7.040816327,21.13259506,,
25,30,5,7.346938776,21.58950233,,
25,30,5,7.653061224,22.02783203,,
25,30,5,7.959183673,22.44759178,,
25,30,5,8.265306122,22.84877014,,
25,30,5,8.571428571,23.23137665,,
25,30,5,8.87755102,23.59540939,,
25,30,5,9.183673469,23.94086647,,
25,30,5,9.489795918,24.26774979,,
25,30,5,9.795918367,24.5775547,,
25,30,5,10.10204082,24.90321159,,
25,30,5,10.40816327,25.16036987,,
25,30,5,10.71428571,25.37014961,,
25,30,5,11.02040816,25.56134796,,
25,30,5,11.32653061,25.73397636,,
25,30,5,11.63265306,25.88802719,,
25,30,5,11.93877551,26.02350235,,
25,30,5,12.24489796,26.14722443,,
25,30,5,12.55102041,26.25162888,,
25,30,5,12.85714286,26.33745384,,
25,30,5,13.16326531,26.40470505,,
25,30,5,13.46938776,26.4533844,,
25,30,5,13.7755102,26.48348999,,
25,30,5,14.08163265,26.49501801,,
25,30,5,14.3877551,26.48797035,,
25,30,5,14.69387755,26.46923828,,
25,30,5,15,26.44258881,,26.49501801
25,40,0,0,2.375278234,,
25,40,0,0.306122449,3.383644581,,
25,40,0,0.612244898,4.372014046,,
25,40,0,0.918367347,5.33950901,,
25,40,0,1.224489796,6.333841324,,
25,40,0,1.530612245,7.146256447,,
25,40,0,1.836734694,7.683802605,,
25,40,0,2.142857143,8.204481125,,
25,40,0,2.448979592,8.709352493,,
25,40,0,2.755102041,9.197940826,,
25,40,0,3.06122449,9.667955399,,
25,40,0,3.367346939,10.08683014,,
25,40,0,3.673469388,10.45246029,,
25,40,0,3.979591837,10.76951885,,
25,40,0,4.285714286,11.06585121,,
25,40,0,4.591836735,11.34360886,,
25,40,0,4.897959184,11.60279083,,
25,40,0,5.204081633,11.84339809,,
25,40,0,5.510204082,12.06542969,,
25,40,0,5.816326531,12.26888657,,
25,40,0,6.12244898,12.45376873,,
25,40,0,6.428571429,12.62007523,,
25,40,0,6.734693878,12.76780891,,
25,40,0,7.040816327,12.89696693,,
25,40,0,7.346938776,13.00689125,,
25,40,0,7.653061224,13.08593369,,
25,40,0,7.959183673,13.14280319,,
25,40,0,8.265306122,13.22225952,,
25,40,0,8.571428571,13.28314018,,
25,40,0,8.87755102,13.34105682,,
25,40,0,9.183673469,13.42360878,,
25,40,0,9.489795918,13.49146366,,
25,40,0,9.795918367,13.48110199,,
25,40,0,10.10204082,13.44836426,,
25,40,0,10.40816327,13.3965292,,
25,40,0,10.71428571,13.31837654,,
25,40,0,11.02040816,13.18120384,,
25,40,0,11.32653061,12.99481487,,
25,40,0,11.63265306,12.79782677,,
25,40,0,11.93877551,12.58226585,,
25,40,0,12.24489796,12.40177727,,
25,40,0,12.55102041,12.23481083,,
25,40,0,12.85714286,12.04926968,,
25,40,0,13.16326531,11.84515572,,
25,40,0,13.46938776,11.62246704,,
25,40,0,13.7755102,11.38120079,,
25,40,0,14.08163265,11.14690304,,
25,40,0,14.3877551,10.8944149,,
25,40,0,14.69387755,10.62335587,,
25,40,0,15,10.32900143,,13.49146366
25,40,1,0,3.259888172,,
25,40,1,0.306122449,4.367002964,,
25,40,1,0.612244898,5.446172714,,
25,40,1,0.918367347,6.546280861,,
25,40,1,1.224489796,7.629919529,,
25,40,1,1.530612245,8.577257156,,
25,40,1,1.836734694,9.302583694,,
25,40,1,2.142857143,9.9100914,,
25,40,1,2.448979592,10.51458359,,
25,40,1,2.755102041,11.06258965,,
25,40,1,3.06122449,11.55799294,,
25,40,1,3.367346939,12.02416611,,
25,40,1,3.673469388,12.44345951,,
25,40,1,3.979591837,12.84369659,,
25,40,1,4.285714286,13.22535706,,
25,40,1,4.591836735,13.57752323,,
25,40,1,4.897959184,13.89915466,,
25,40,1,5.204081633,14.23015594,,
25,40,1,5.510204082,14.54258347,,
25,40,1,5.816326531,14.83402443,,
25,40,1,6.12244898,15.1042757,,
25,40,1,6.428571429,15.3559494,,
25,40,1,6.734693878,15.5890522,,
25,40,1,7.040816327,15.80933285,,
25,40,1,7.346938776,16.01592255,,
25,40,1,7.653061224,16.20196533,,
25,40,1,7.959183673,16.36309052,,
25,40,1,8.265306122,16.49982834,,
25,40,1,8.571428571,16.61000633,,
25,40,1,8.87755102,16.70160484,,
25,40,1,9.183673469,16.7746315,,
25,40,1,9.489795918,16.83539391,,
25,40,1,9.795918367,16.878582,,
25,40,1,10.10204082,16.91074181,,
25,40,1,10.40816327,16.96987534,,
25,40,1,10.71428571,16.94468307,,
25,40,1,11.02040816,16.91252899,,
25,40,1,11.32653061,16.86664391,,
25,40,1,11.63265306,16.80217934,,
25,40,1,11.93877551,16.71914101,,
25,40,1,12.24489796,16.61752701,,
25,40,1,12.55102041,16.48955536,,
25,40,1,12.85714286,16.34004974,,
25,40,1,13.16326531,16.17197418,,
25,40,1,13.46938776,15.98531723,,
25,40,1,13.7755102,15.78009033,,
25,40,1,14.08163265,15.55628967,,
25,40,1,14.3877551,15.31390762,,
25,40,1,14.69387755,15.05295563,,
25,40,1,15,14.77342606,,16.96987534
25,40,2,0,3.124080896,,
25,40,2,0.306122449,4.262574196,,
25,40,2,0.612244898,5.39642334,,
25,40,2,0.918367347,6.563213348,,
25,40,2,1.224489796,7.747591972,,
25,40,2,1.530612245,8.863022804,,
25,40,2,1.836734694,9.796180725,,
25,40,2,2.142857143,10.71152401,,
25,40,2,2.448979592,11.52362442,,
25,40,2,2.755102041,12.23328018,,
25,40,2,3.06122449,12.77187729,,
25,40,2,3.367346939,13.27666855,,
25,40,2,3.673469388,13.76288605,,
25,40,2,3.979591837,14.23025036,,
25,40,2,4.285714286,14.67666435,,
25,40,2,4.591836735,15.10450077,,
25,40,2,4.897959184,15.53005028,,
25,40,2,5.204081633,15.92107582,,
25,40,2,5.510204082,16.25602531,,
25,40,2,5.816326531,16.57350159,,
25,40,2,6.12244898,16.86056328,,
25,40,2,6.428571429,17.09742165,,
25,40,2,6.734693878,17.31466866,,
25,40,2,7.040816327,17.51333809,,
25,40,2,7.346938776,17.69343376,,
25,40,2,7.653061224,17.85495377,,
25,40,2,7.959183673,18.00540543,,
25,40,2,8.265306122,18.14762497,,
25,40,2,8.571428571,18.29199791,,
25,40,2,8.87755102,18.42219925,,
25,40,2,9.183673469,18.53382874,,
25,40,2,9.489795918,18.62688065,,
25,40,2,9.795918367,18.7013588,,
25,40,2,10.10204082,18.78910255,,
25,40,2,10.40816327,18.8654747,,
25,40,2,10.71428571,18.94011497,,
25,40,2,11.02040816,18.9961834,,
25,40,2,11.32653061,19.03367615,,
25,40,2,11.63265306,18.98354721,,
25,40,2,11.93877551,18.88519096,,
25,40,2,12.24489796,18.76826477,,
25,40,2,12.55102041,18.632761,,
25,40,2,12.85714286,18.53084946,,
25,40,2,13.16326531,18.4215126,,
25,40,2,13.46938776,18.29359818,,
25,40,2,13.7755102,18.14710999,,
25,40,2,14.08163265,17.99290848,,
25,40,2,14.3877551,17.83678818,,
25,40,2,14.69387755,17.66209602,,
25,40,2,15,17.46882057,,19.03367615
25,40,3,0,2.802632809,,
25,40,3,0.306122449,4.027626038,,
25,40,3,0.612244898,5.342988968,,
25,40,3,0.918367347,6.639778137,,
25,40,3,1.224489796,7.917991638,,
25,40,3,1.530612245,9.17934227,,
25,40,3,1.836734694,10.24676132,,
25,40,3,2.142857143,11.14318657,,
25,40,3,2.448979592,11.98601341,,
25,40,3,2.755102041,12.59320927,,
25,40,3,3.06122449,13.09980011,,
25,40,3,3.367346939,13.58781624,,
25,40,3,3.673469388,14.05725861,,
25,40,3,3.979591837,14.50812531,,
25,40,3,4.285714286,14.94041729,,
25,40,3,4.591836735,15.35413361,,
25,40,3,4.897959184,15.75816536,,
25,40,3,5.204081633,16.15152359,,
25,40,3,5.510204082,16.52630997,,
25,40,3,5.816326531,16.88035583,,
25,40,3,6.12244898,17.21535492,,
25,40,3,6.428571429,17.54747009,,
25,40,3,6.734693878,17.81157494,,
25,40,3,7.040816327,18.0537262,,
25,40,3,7.346938776,18.30021667,,
25,40,3,7.653061224,18.53196907,,
25,40,3,7.959183673,18.7451458,,
25,40,3,8.265306122,18.93284988,,
25,40,3,8.571428571,19.09641647,,
25,40,3,8.87755102,19.24140739,,
25,40,3,9.183673469,19.36782455,,
25,40,3,9.489795918,19.47566605,,
25,40,3,9.795918367,19.56493378,,
25,40,3,10.10204082,19.67364502,,
25,40,3,10.40816327,19.78322792,,
25,40,3,10.71428571,19.89020538,,
25,40,3,11.02040816,19.97860527,,
25,40,3,11.32653061,20.0484314,,
25,40,3,11.63265306,20.09968376,,
25,40,3,11.93877551,20.13235855,,
25,40,3,12.24489796,20.1464653,,
25,40,3,12.55102041,20.08102798,,
25,40,3,12.85714286,19.95928764,,
25,40,3,13.16326531,19.83141327,,
25,40,3,13.46938776,19.69275284,,
25,40,3,13.7755102,19.53551483,,
25,40,3,14.08163265,19.359869,,
25,40,3,14.3877551,19.16647148,,
25,40,3,14.69387755,19.00481987,,
25,40,3,15,18.83758545,,20.1464653
25,40,4,0,2.823495865,,
25,40,4,0.306122449,4.1295681,,
25,40,4,0.612244898,5.461237907,,
25,40,4,0.918367347,6.774333954,,
25,40,4,1.224489796,8.000453949,,
25,40,4,1.530612245,9.21818161,,
25,40,4,1.836734694,10.25269604,,
25,40,4,2.142857143,11.00061417,,
25,40,4,2.448979592,11.56546783,,
25,40,4,2.755102041,12.11174583,,
25,40,4,3.06122449,12.63944912,,
25,40,4,3.367346939,13.15279102,,
25,40,4,3.673469388,13.65555668,,
25,40,4,3.979591837,14.15642357,,
25,40,4,4.285714286,14.64290714,,
25,40,4,4.591836735,15.12598228,,
25,40,4,4.897959184,15.5904932,,
25,40,4,5.204081633,16.0364399,,
25,40,4,5.510204082,16.46381378,,
25,40,4,5.816326531,16.872612,,
25,40,4,6.12244898,17.26510048,,
25,40,4,6.428571429,17.64079857,,
25,40,4,6.734693878,17.9979248,,
25,40,4,7.040816327,18.33647346,,
25,40,4,7.346938776,18.65501404,,
25,40,4,7.653061224,18.94318771,,
25,40,4,7.959183673,19.16407394,,
25,40,4,8.265306122,19.3785553,,
25,40,4,8.571428571,19.57365799,,
25,40,4,8.87755102,19.75707436,,
25,40,4,9.183673469,19.93704605,,
25,40,4,9.489795918,20.09844208,,
25,40,4,9.795918367,20.24126244,,
25,40,4,10.10204082,20.37683487,,
25,40,4,10.40816327,20.52330971,,
25,40,4,10.71428571,20.6662941,,
25,40,4,11.02040816,20.79070663,,
25,40,4,11.32653061,20.89654541,,
25,40,4,11.63265306,20.98380852,,
25,40,4,11.93877551,21.05539131,,
25,40,4,12.24489796,21.12304878,,
25,40,4,12.55102041,21.17213249,,
25,40,4,12.85714286,21.20264053,,
25,40,4,13.16326531,21.21457291,,
25,40,4,13.46938776,21.15505219,,
25,40,4,13.7755102,21.031147,,
25,40,4,14.08163265,20.88865662,,
25,40,4,14.3877551,20.72759247,,
25,40,4,14.69387755,20.54795837,,
25,40,4,15,20.34974098,,21.21457291
25,40,5,0,2.417044878,,
25,40,5,0.306122449,3.800072193,,
25,40,5,0.612244898,5.097642899,,
25,40,5,0.918367347,6.372973442,,
25,40,5,1.224489796,7.642598152,,
25,40,5,1.530612245,8.827478409,,
25,40,5,1.836734694,9.562298775,,
25,40,5,2.142857143,10.17904949,,
25,40,5,2.448979592,10.78893661,,
25,40,5,2.755102041,11.39545822,,
25,40,5,3.06122449,11.99251938,,
25,40,5,3.367346939,12.57865334,,
25,40,5,3.673469388,13.151577,,
25,40,5,3.979591837,13.70592499,,
25,40,5,4.285714286,14.24171638,,
25,40,5,4.591836735,14.75893688,,
25,40,5,4.897959184,15.26016426,,
25,40,5,5.204081633,15.74428749,,
25,40,5,5.510204082,16.20983505,,
25,40,5,5.816326531,16.65680695,,
25,40,5,6.12244898,17.08520508,,
25,40,5,6.428571429,17.49502945,,
25,40,5,6.734693878,17.88627625,,
25,40,5,7.040816327,18.25895309,,
25,40,5,7.346938776,18.61304665,,
25,40,5,7.653061224,18.94857216,,
25,40,5,7.959183673,19.27615356,,
25,40,5,8.265306122,19.58673859,,
25,40,5,8.571428571,19.87874985,,
25,40,5,8.87755102,20.1434803,,
25,40,5,9.183673469,20.38646889,,
25,40,5,9.489795918,20.60931015,,
25,40,5,9.795918367,20.75984192,,
25,40,5,10.10204082,20.89286423,,
25,40,5,10.40816327,21.04792404,,
25,40,5,10.71428571,21.21331596,,
25,40,5,11.02040816,21.37105179,,
25,40,5,11.32653061,21.51021385,,
25,40,5,11.63265306,21.63079834,,
25,40,5,11.93877551,21.73280716,,
25,40,5,12.24489796,21.81624603,,
25,40,5,12.55102041,21.88110733,,
25,40,5,12.85714286,21.92739105,,
25,40,5,13.16326531,21.95510483,,
25,40,5,13.46938776,21.96423912,,
25,40,5,13.7755102,21.95479774,,
25,40,5,14.08163265,21.93369293,,
25,40,5,14.3877551,21.85985947,,
25,40,5,14.69387755,21.71354675,,
25,40,5,15,21.54865837,,21.96423912
35,30,0,0,3.053824425,,
35,30,0,0.306122449,4.278564453,,
35,30,0,0.612244898,5.508499146,,
35,30,0,0.918367347,6.793297768,,
35,30,0,1.224489796,7.96502018,,
35,30,0,1.530612245,9.14826107,,
35,30,0,1.836734694,10.08238125,,
35,30,0,2.142857143,10.79983616,,
35,30,0,2.448979592,11.49871445,,
35,30,0,2.755102041,12.17901897,,
35,30,0,3.06122449,12.84074783,,
35,30,0,3.367346939,13.47782612,,
35,30,0,3.673469388,14.0866394,,
35,30,0,3.979591837,14.67687607,,
35,30,0,4.285714286,15.2594986,,
35,30,0,4.591836735,15.83911228,,
35,30,0,4.897959184,16.35744095,,
35,30,0,5.204081633,16.89043427,,
35,30,0,5.510204082,17.40485764,,
35,30,0,5.816326531,17.90070152,,
35,30,0,6.12244898,18.37797356,,
35,30,0,6.428571429,18.75833511,,
35,30,0,6.734693878,19.11868668,,
35,30,0,7.040816327,19.46046257,,
35,30,0,7.346938776,19.69268799,,
35,30,0,7.653061224,19.92438889,,
35,30,0,7.959183673,20.18874168,,
35,30,0,8.265306122,20.43452263,,
35,30,0,8.571428571,20.6625061,,
35,30,0,8.87755102,20.86424446,,
35,30,0,9.183673469,21.01035881,,
35,30,0,9.489795918,21.13789749,,
35,30,0,9.795918367,21.2468605,,
35,30,0,10.10204082,21.33725357,,
35,30,0,10.40816327,21.40906715,,
35,30,0,10.71428571,21.46531105,,
35,30,0,11.02040816,21.5045414,,
35,30,0,11.32653061,21.52519608,,
35,30,0,11.63265306,21.5272789,,
35,30,0,11.93877551,21.51078415,,
35,30,0,12.24489796,21.50605583,,
35,30,0,12.55102041,21.49036407,,
35,30,0,12.85714286,21.44989395,,
35,30,0,13.16326531,21.39046097,,
35,30,0,13.46938776,21.31244659,,
35,30,0,13.7755102,21.21586037,,
35,30,0,14.08163265,21.10070038,,
35,30,0,14.3877551,20.96696091,,
35,30,0,14.69387755,20.81465149,,
35,30,0,15,20.6437664,,21.5272789
35,30,1,0,4.307539463,,
35,30,1,0.306122449,5.578430176,,
35,30,1,0.612244898,6.953658581,,
35,30,1,0.918367347,8.228401184,,
35,30,1,1.224489796,9.411436081,,
35,30,1,1.530612245,10.57589722,,
35,30,1,1.836734694,11.71868134,,
35,30,1,2.142857143,12.59598351,,
35,30,1,2.448979592,13.45471191,,
35,30,1,2.755102041,14.31116199,,
35,30,1,3.06122449,15.16321945,,
35,30,1,3.367346939,15.95121384,,
35,30,1,3.673469388,16.69155693,,
35,30,1,3.979591837,17.37712479,,
35,30,1,4.285714286,18.04411888,,
35,30,1,4.591836735,18.69253922,,
35,30,1,4.897959184,19.3286171,,
35,30,1,5.204081633,19.94708443,,
35,30,1,5.510204082,20.52367401,,
35,30,1,5.816326531,20.94963264,,
35,30,1,6.12244898,21.34753036,,
35,30,1,6.428571429,21.7268486,,
35,30,1,6.734693878,22.09660339,,
35,30,1,7.040816327,22.47170258,,
35,30,1,7.346938776,22.82822609,,
35,30,1,7.653061224,23.16617584,,
35,30,1,7.959183673,23.49748802,,
35,30,1,8.265306122,23.80393982,,
35,30,1,8.571428571,24.08243179,,
35,30,1,8.87755102,24.33751488,,
35,30,1,9.183673469,24.57401848,,
35,30,1,9.489795918,24.78820038,,
35,30,1,9.795918367,24.98245621,,
35,30,1,10.10204082,25.15813446,,
35,30,1,10.40816327,25.31524277,,
35,30,1,10.71428571,25.4537735,,
35,30,1,11.02040816,25.57372665,,
35,30,1,11.32653061,25.67510605,,
35,30,1,11.63265306,25.77705574,,
35,30,1,11.93877551,25.89076424,,
35,30,1,12.24489796,25.97644043,,
35,30,1,12.55102041,26.01665497,,
35,30,1,12.85714286,26.03793335,,
35,30,1,13.16326531,26.04063797,,
35,30,1,13.46938776,26.02477264,,
35,30,1,13.7755102,25.99032593,,
35,30,1,14.08163265,25.93730927,,
35,30,1,14.3877551,25.86571503,,
35,30,1,14.69387755,25.77554703,,
35,30,1,15,25.66680145,,26.04063797
35,30,2,0,5.359669685,,
35,30,2,0.306122449,6.547100067,,
35,30,2,0.612244898,7.75848341,,
35,30,2,0.918367347,8.972057343,,
35,30,2,1.224489796,10.17707253,,
35,30,2,1.530612245,11.37185287,,
35,30,2,1.836734694,12.54805946,,
35,30,2,2.142857143,13.70569229,,
35,30,2,2.448979592,14.5731163,,
35,30,2,2.755102041,15.34401226,,
35,30,2,3.06122449,16.10656738,,
35,30,2,3.367346939,16.8505497,,
35,30,2,3.673469388,17.57595444,,
35,30,2,3.979591837,18.28278542,,
35,30,2,4.285714286,18.97104263,,
35,30,2,4.591836735,19.64072418,,
35,30,2,4.897959184,20.29183006,,
35,30,2,5.204081633,20.84469604,,
35,30,2,5.510204082,21.37109375,,
35,30,2,5.816326531,21.88201904,,
35,30,2,6.12244898,22.37436676,,
35,30,2,6.428571429,22.84814262,,
35,30,2,6.734693878,23.24235916,,
35,30,2,7.040816327,23.6280365,,
35,30,2,7.346938776,23.99514389,,
35,30,2,7.653061224,24.33592606,,
35,30,2,7.959183673,24.68839455,,
35,30,2,8.265306122,25.03866196,,
35,30,2,8.571428571,25.39547729,,
35,30,2,8.87755102,25.7932682,,
35,30,2,9.183673469,26.17248535,,
35,30,2,9.489795918,26.53312683,,
35,30,2,9.795918367,26.87519264,,
35,30,2,10.10204082,27.19868469,,
35,30,2,10.40816327,27.50360107,,
35,30,2,10.71428571,27.7899437,,
35,30,2,11.02040816,28.05770874,,
35,30,2,11.32653061,28.30690384,,
35,30,2,11.63265306,28.53751945,,
35,30,2,11.93877551,28.71541977,,
35,30,2,12.24489796,28.86183167,,
35,30,2,12.55102041,28.98822975,,
35,30,2,12.85714286,29.08502579,,
35,30,2,13.16326531,29.16325378,,
35,30,2,13.46938776,29.2229023,,
35,30,2,13.7755102,29.26397896,,
35,30,2,14.08163265,29.28648186,,
35,30,2,14.3877551,29.29040909,,
35,30,2,14.69387755,29.27575874,,
35,30,2,15,29.24253082,,29.29040909
35,30,3,0,5.588529587,,
35,30,3,0.306122449,6.869540215,,
35,30,3,0.612244898,8.142487526,,
35,30,3,0.918367347,9.396859169,,
35,30,3,1.224489796,10.6326561,,
35,30,3,1.530612245,11.82187748,,
35,30,3,1.836734694,12.97248459,,
35,30,3,2.142857143,14.10570526,,
35,30,3,2.448979592,15.22035313,,
35,30,3,2.755102041,16.13583374,,
35,30,3,3.06122449,16.95183945,,
35,30,3,3.367346939,17.7493763,,
35,30,3,3.673469388,18.52833748,,
35,30,3,3.979591837,19.28872299,,
35,30,3,4.285714286,20.03053474,,
35,30,3,4.591836735,20.68867874,,
35,30,3,4.897959184,21.28326797,,
35,30,3,5.204081633,21.85928535,,
35,30,3,5.510204082,22.41672516,,
35,30,3,5.816326531,22.95558929,,
35,30,3,6.12244898,23.47587967,,
35,30,3,6.428571429,23.97759628,,
35,30,3,6.734693878,24.45924187,,
35,30,3,7.040816327,24.91090012,,
35,30,3,7.346938776,25.3693161,,
35,30,3,7.653061224,25.72190094,,
35,30,3,7.959183673,26.05978012,,
35,30,3,8.265306122,26.41528893,,
35,30,3,8.571428571,26.77329254,,
35,30,3,8.87755102,27.12354851,,
35,30,3,9.183673469,27.4552269,,
35,30,3,9.489795918,27.76833344,,
35,30,3,9.795918367,28.07523346,,
35,30,3,10.10204082,28.36873245,,
35,30,3,10.40816327,28.6572876,,
35,30,3,10.71428571,28.97695351,,
35,30,3,11.02040816,29.27804565,,
35,30,3,11.32653061,29.55501175,,
35,30,3,11.63265306,29.77189636,,
35,30,3,11.93877551,29.9702034,,
35,30,3,12.24489796,30.14994049,,
35,30,3,12.55102041,30.3110981,,
35,30,3,12.85714286,30.45027161,,
35,30,3,13.16326531,30.56182098,,
35,30,3,13.46938776,30.6547966,,
35,30,3,13.7755102,30.72919655,,
35,30,3,14.08163265,30.78501892,,
35,30,3,14.3877551,30.82226944,,
35,30,3,14.69387755,30.8409462,,
35,30,3,15,30.84104156,,30.84104156
35,30,4,0,5.489159584,,
35,30,4,0.306122449,6.810109138,,
35,30,4,0.612244898,8.069529533,,
35,30,4,0.918367347,9.310373306,,
35,30,4,1.224489796,10.53264332,,
35,30,4,1.530612245,11.73633862,,
35,30,4,1.836734694,12.92145729,,
35,30,4,2.142857143,14.08800316,,
35,30,4,2.448979592,15.2359724,,
35,30,4,2.755102041,16.36536598,,
35,30,4,3.06122449,17.47618675,,
35,30,4,3.367346939,18.34617996,,
35,30,4,3.673469388,19.19291496,,
35,30,4,3.979591837,19.97055244,,
35,30,4,4.285714286,20.67006302,,
35,30,4,4.591836735,21.31767273,,
35,30,4,4.897959184,21.94459915,,
35,30,4,5.204081633,22.552948,,
35,30,4,5.510204082,23.14272308,,
35,30,4,5.816326531,23.72108078,,
35,30,4,6.12244898,24.27363396,,
35,30,4,6.428571429,24.79449654,,
35,30,4,6.734693878,25.29678345,,
35,30,4,7.040816327,25.7804966,,
35,30,4,7.346938776,26.24563408,,
35,30,4,7.653061224,26.69219589,,
35,30,4,7.959183673,27.1252327,,
35,30,4,8.265306122,27.57056999,,
35,30,4,8.571428571,27.92817688,,
35,30,4,8.87755102,28.26294327,,
35,30,4,9.183673469,28.59944153,,
35,30,4,9.489795918,28.91736031,,
35,30,4,9.795918367,29.2232132,,
35,30,4,10.10204082,29.53149986,,
35,30,4,10.40816327,29.82121468,,
35,30,4,10.71428571,30.09255028,,
35,30,4,11.02040816,30.32209778,,
35,30,4,11.32653061,30.5100193,,
35,30,4,11.63265306,30.67936707,,
35,30,4,11.93877551,30.84651566,,
35,30,4,12.24489796,31.00804138,,
35,30,4,12.55102041,31.20252419,,
35,30,4,12.85714286,31.37842941,,
35,30,4,13.16326531,31.53038025,,
35,30,4,13.46938776,31.65667725,,
35,30,4,13.7755102,31.7644043,,
35,30,4,14.08163265,31.85355377,,
35,30,4,14.3877551,31.92412376,,
35,30,4,14.69387755,31.97612,,
35,30,4,15,32.00954437,,32.00954437
35,30,5,0,4.85114193,,
35,30,5,0.306122449,6.162460327,,
35,30,5,0.612244898,7.455202579,,
35,30,5,0.918367347,8.729372025,,
35,30,5,1.224489796,9.984964371,,
35,30,5,1.530612245,11.221982,,
35,30,5,1.836734694,12.44042587,,
35,30,5,2.142857143,13.64029503,,
35,30,5,2.448979592,14.82158661,,
35,30,5,2.755102041,15.98430443,,
35,30,5,3.06122449,17.12844849,,
35,30,5,3.367346939,18.22744942,,
35,30,5,3.673469388,19.17013168,,
35,30,5,3.979591837,19.92154312,,
35,30,5,4.285714286,20.6546936,,
35,30,5,4.591836735,21.37636948,,
35,30,5,4.897959184,22.07947159,,
35,30,5,5.204081633,22.76399994,,
35,30,5,5.510204082,23.41647339,,
35,30,5,5.816326531,24.04324913,,
35,30,5,6.12244898,24.62810516,,
35,30,5,6.428571429,25.18229294,,
35,30,5,6.734693878,25.71790314,,
35,30,5,7.040816327,26.23493958,,
35,30,5,7.346938776,26.73339844,,
35,30,5,7.653061224,27.21328354,,
35,30,5,7.959183673,27.67459488,,
35,30,5,8.265306122,28.1480484,,
35,30,5,8.571428571,28.61902618,,
35,30,5,8.87755102,29.08050346,,
35,30,5,9.183673469,29.52340317,,
35,30,5,9.489795918,29.87664223,,
35,30,5,9.795918367,30.18369675,,
35,30,5,10.10204082,30.47217751,,
35,30,5,10.40816327,30.7420826,,
35,30,5,10.71428571,30.96046066,,
35,30,5,11.02040816,31.17177582,,
35,30,5,11.32653061,31.36451149,,
35,30,5,11.63265306,31.56361389,,
35,30,5,11.93877551,31.74672127,,
35,30,5,12.24489796,31.91125488,,
35,30,5,12.55102041,32.05721283,,
35,30,5,12.85714286,32.1845932,,
35,30,5,13.16326531,32.29340363,,
35,30,5,13.46938776,32.37627792,,
35,30,5,13.7755102,32.43831635,,
35,30,5,14.08163265,32.50642014,,
35,30,5,14.3877551,32.60933304,,
35,30,5,14.69387755,32.69366455,,
35,30,5,15,32.75941849,,32.75941849
35,40,0,0,3.847435951,,
35,40,0,0.306122449,4.929469109,,
35,40,0,0.612244898,6.004698277,,
35,40,0,0.918367347,7.172837734,,
35,40,0,1.224489796,8.213850021,,
35,40,0,1.530612245,9.163434982,,
35,40,0,1.836734694,10.05476284,,
35,40,0,2.142857143,10.67419147,,
35,40,0,2.448979592,11.26107693,,
35,40,0,2.755102041,11.82928276,,
35,40,0,3.06122449,12.37399101,,
35,40,0,3.367346939,12.88324547,,
35,40,0,3.673469388,13.34751701,,
35,40,0,3.979591837,13.79321098,,
35,40,0,4.285714286,14.21073914,,
35,40,0,4.591836735,14.60790634,,
35,40,0,4.897959184,14.98177814,,
35,40,0,5.204081633,15.34421921,,
35,40,0,5.510204082,15.651968,,
35,40,0,5.816326531,15.94114494,,
35,40,0,6.12244898,16.2117424,,
35,40,0,6.428571429,16.46759033,,
35,40,0,6.734693878,16.68246651,,
35,40,0,7.040816327,16.89502716,,
35,40,0,7.346938776,17.10568047,,
35,40,0,7.653061224,17.2977581,,
35,40,0,7.959183673,17.47450066,,
35,40,0,8.265306122,17.64139748,,
35,40,0,8.571428571,17.78778076,,
35,40,0,8.87755102,17.81039619,,
35,40,0,9.183673469,17.80177879,,
35,40,0,9.489795918,17.77458763,,
35,40,0,9.795918367,17.72882462,,
35,40,0,10.10204082,17.66610336,,
35,40,0,10.40816327,17.60422325,,
35,40,0,10.71428571,17.51511002,,
35,40,0,11.02040816,17.40742111,,
35,40,0,11.32653061,17.29452896,,
35,40,0,11.63265306,17.18591881,,
35,40,0,11.93877551,17.05873299,,
35,40,0,12.24489796,16.91297531,,
35,40,0,12.55102041,16.74864197,,
35,40,0,12.85714286,16.56573105,,
35,40,0,13.16326531,16.36424828,,
35,40,0,13.46938776,16.14418602,,
35,40,0,13.7755102,15.92142868,,
35,40,0,14.08163265,15.68913078,,
35,40,0,14.3877551,15.43826294,,
35,40,0,14.69387755,15.16881561,,
35,40,0,15,14.88079739,,17.81039619
35,40,1,0,4.549184322,,
35,40,1,0.306122449,5.75578022,,
35,40,1,0.612244898,6.995057583,,
35,40,1,0.918367347,8.26932621,,
35,40,1,1.224489796,9.525018692,,
35,40,1,1.530612245,10.76213455,,
35,40,1,1.836734694,11.95884705,,
35,40,1,2.142857143,12.88444233,,
35,40,1,2.448979592,13.58338451,,
35,40,1,2.755102041,14.17280006,,
35,40,1,3.06122449,14.72148228,,
35,40,1,3.367346939,15.25158882,,
35,40,1,3.673469388,15.76312065,,
35,40,1,3.979591837,16.26269341,,
35,40,1,4.285714286,16.7617321,,
35,40,1,4.591836735,17.23691177,,
35,40,1,4.897959184,17.6380043,,
35,40,1,5.204081633,17.99455643,,
35,40,1,5.510204082,18.33253479,,
35,40,1,5.816326531,18.65838051,,
35,40,1,6.12244898,18.96697044,,
35,40,1,6.428571429,19.26438522,,
35,40,1,6.734693878,19.57399559,,
35,40,1,7.040816327,19.8650341,,
35,40,1,7.346938776,20.13100052,,
35,40,1,7.653061224,20.3334465,,
35,40,1,7.959183673,20.51264763,,
35,40,1,8.265306122,20.68506622,,
35,40,1,8.571428571,20.83693123,,
35,40,1,8.87755102,20.96461487,,
35,40,1,9.183673469,21.08040619,,
35,40,1,9.489795918,21.21626282,,
35,40,1,9.795918367,21.27772903,,
35,40,1,10.10204082,21.31764793,,
35,40,1,10.40816327,21.33944321,,
35,40,1,10.71428571,21.342659,,
35,40,1,11.02040816,21.32730484,,
35,40,1,11.32653061,21.29337311,,
35,40,1,11.63265306,21.24177933,,
35,40,1,11.93877551,21.17283249,,
35,40,1,12.24489796,21.08530807,,
35,40,1,12.55102041,20.97921181,,
35,40,1,12.85714286,20.85454178,,
35,40,1,13.16326531,20.71129227,,
35,40,1,13.46938776,20.5494709,,
35,40,1,13.7755102,20.36907196,,
35,40,1,14.08163265,20.17010117,,
35,40,1,14.3877551,19.95255661,,
35,40,1,14.69387755,19.71642876,,
35,40,1,15,19.46173668,,21.342659
35,40,2,0,4.438359737,,
35,40,2,0.306122449,5.680796146,,
35,40,2,0.612244898,7.006961823,,
35,40,2,0.918367347,8.314554214,,
35,40,2,1.224489796,9.568143845,,
35,40,2,1.530612245,10.77365112,,
35,40,2,1.836734694,11.96058464,,
35,40,2,2.142857143,13.12894535,,
35,40,2,2.448979592,14.06162071,,
35,40,2,2.755102041,14.95652103,,
35,40,2,3.06122449,15.79375744,,
35,40,2,3.367346939,16.45525551,,
35,40,2,3.673469388,17.09817886,,
35,40,2,3.979591837,17.73101234,,
35,40,2,4.285714286,18.25558281,,
35,40,2,4.591836735,18.69841194,,
35,40,2,4.897959184,19.12984848,,
35,40,2,5.204081633,19.54045868,,
35,40,2,5.510204082,19.92554474,,
35,40,2,5.816326531,20.29205513,,
35,40,2,6.12244898,20.63999176,,
35,40,2,6.428571429,20.97000504,,
35,40,2,6.734693878,21.28484344,,
35,40,2,7.040816327,21.57831573,,
35,40,2,7.346938776,21.85328293,,
35,40,2,7.653061224,22.11574936,,
35,40,2,7.959183673,22.34323311,,
35,40,2,8.265306122,22.57727242,,
35,40,2,8.571428571,22.810009,,
35,40,2,8.87755102,23.03765678,,
35,40,2,9.183673469,23.24427032,,
35,40,2,9.489795918,23.41940308,,
35,40,2,9.795918367,23.57596397,,
35,40,2,10.10204082,23.71394539,,
35,40,2,10.40816327,23.83335495,,
35,40,2,10.71428571,23.87573624,,
35,40,2,11.02040816,23.90986061,,
35,40,2,11.32653061,23.92541504,,
35,40,2,11.63265306,23.92238998,,
35,40,2,11.93877551,23.90079308,,
35,40,2,12.24489796,23.8606205,,
35,40,2,12.55102041,23.80187225,,
35,40,2,12.85714286,23.72454834,,
35,40,2,13.16326531,23.6326313,,
35,40,2,13.46938776,23.55855179,,
35,40,2,13.7755102,23.46589661,,
35,40,2,14.08163265,23.35574722,,
35,40,2,14.3877551,23.23896027,,
35,40,2,14.69387755,23.10359001,,
35,40,2,15,22.94964981,,23.92541504
35,40,3,0,4.166534424,,
35,40,3,0.306122449,5.519640923,,
35,40,3,0.612244898,6.90039444,,
35,40,3,0.918367347,8.268829346,,
35,40,3,1.224489796,9.622912407,,
35,40,3,1.530612245,10.95192909,,
35,40,3,1.836734694,12.26120377,,
35,40,3,2.142857143,13.55260277,,
35,40,3,2.448979592,14.7064352,,
35,40,3,2.755102041,15.60652542,,
35,40,3,3.06122449,16.26982498,,
35,40,3,3.367346939,16.91454887,,
35,40,3,3.673469388,17.45944977,,
35,40,3,3.979591837,17.96965027,,
35,40,3,4.285714286,18.46128273,,
35,40,3,4.591836735,18.93435669,,
35,40,3,4.897959184,19.38885307,,
35,40,3,5.204081633,19.82574081,,
35,40,3,5.510204082,20.25416756,,
35,40,3,5.816326531,20.67762947,,
35,40,3,6.12244898,21.08296013,,
35,40,3,6.428571429,21.46894264,,
35,40,3,6.734693878,21.83634949,,
35,40,3,7.040816327,22.18517876,,
35,40,3,7.346938776,22.51543617,,
35,40,3,7.653061224,22.82711792,,
35,40,3,7.959183673,23.12022591,,
35,40,3,8.265306122,23.39530373,,
35,40,3,8.571428571,23.64545441,,
35,40,3,8.87755102,23.88887787,,
35,40,3,9.183673469,24.12751961,,
35,40,3,9.489795918,24.35984993,,
35,40,3,9.795918367,24.56274605,,
35,40,3,10.10204082,24.74706459,,
35,40,3,10.40816327,24.91280937,,
35,40,3,10.71428571,25.05997849,,
35,40,3,11.02040816,25.18857193,,
35,40,3,11.32653061,25.29859543,,
35,40,3,11.63265306,25.31958771,,
35,40,3,11.93877551,25.29924583,,
35,40,3,12.24489796,25.26033211,,
35,40,3,12.55102041,25.22115898,,
35,40,3,12.85714286,25.1901741,,
35,40,3,13.16326531,25.14061356,,
35,40,3,13.46938776,25.07247543,,
35,40,3,13.7755102,24.98576164,,
35,40,3,14.08163265,24.88047409,,
35,40,3,14.3877551,24.75661469,,
35,40,3,14.69387755,24.6141777,,
35,40,3,15,24.48420715,,25.31958771
35,40,4,0,4.191428185,,
35,40,4,0.306122449,5.616251945,,
35,40,4,0.612244898,7.032867908,,
35,40,4,0.918367347,8.431594849,,
35,40,4,1.224489796,9.812042236,,
35,40,4,1.530612245,11.17391396,,
35,40,4,1.836734694,12.51721096,,
35,40,4,2.142857143,13.8419342,,
35,40,4,2.448979592,14.71088028,,
35,40,4,2.755102041,15.4260788,,
35,40,4,3.06122449,16.05434418,,
35,40,4,3.367346939,16.63501549,,
35,40,4,3.673469388,17.21551514,,
35,40,4,3.979591837,17.77958298,,
35,40,4,4.285714286,18.32857513,,
35,40,4,4.591836735,18.87127876,,
35,40,4,4.897959184,19.39540863,,
35,40,4,5.204081633,19.90096283,,
35,40,4,5.510204082,20.38794327,,
35,40,4,5.816326531,20.85116577,,
35,40,4,6.12244898,21.29177666,,
35,40,4,6.428571429,21.71381378,,
35,40,4,6.734693878,22.11727524,,
35,40,4,7.040816327,22.50216293,,
35,40,4,7.346938776,22.86847305,,
35,40,4,7.653061224,23.22781754,,
35,40,4,7.959183673,23.56725883,,
35,40,4,8.265306122,23.88829422,,
35,40,4,8.571428571,24.19716835,,
35,40,4,8.87755102,24.49495316,,
35,40,4,9.183673469,24.7741642,,
35,40,4,9.489795918,25.03479767,,
35,40,4,9.795918367,25.27685547,,
35,40,4,10.10204082,25.50034332,,
35,40,4,10.40816327,25.7052536,,
35,40,4,10.71428571,25.89158821,,
35,40,4,11.02040816,26.05934715,,
35,40,4,11.32653061,26.20307541,,
35,40,4,11.63265306,26.32784271,,
35,40,4,11.93877551,26.43403625,,
35,40,4,12.24489796,26.52165604,,
35,40,4,12.55102041,26.52788925,,
35,40,4,12.85714286,26.48514175,,
35,40,4,13.16326531,26.42382813,,
35,40,4,13.46938776,26.34393692,,
35,40,4,13.7755102,26.24546814,,
35,40,4,14.08163265,26.12842941,,
35,40,4,14.3877551,26.00981522,,
35,40,4,14.69387755,25.90070343,,
35,40,4,15,25.77301407,,26.52788925
35,40,5,0,3.881539822,,
35,40,5,0.306122449,5.351878166,,
35,40,5,0.612244898,6.803642273,,
35,40,5,0.918367347,8.236832619,,
35,40,5,1.224489796,9.651446342,,
35,40,5,1.530612245,11.03119946,,
35,40,5,1.836734694,12.12344456,,
35,40,5,2.142857143,13.20458221,,
35,40,5,2.448979592,14.2068119,,
35,40,5,2.755102041,14.89180374,,
35,40,5,3.06122449,15.56070709,,
35,40,5,3.367346939,16.21103668,,
35,40,5,3.673469388,16.8427887,,
35,40,5,3.979591837,17.45596695,,
35,40,5,4.285714286,18.05056953,,
35,40,5,4.591836735,18.62659836,,
35,40,5,4.897959184,19.18405151,,
35,40,5,5.204081633,19.72293091,,
35,40,5,5.510204082,20.24323463,,
35,40,5,5.816326531,20.74496269,,
35,40,5,6.12244898,21.2214756,,
35,40,5,6.428571429,21.67683601,,
35,40,5,6.734693878,22.11362076,,
35,40,5,7.040816327,22.53183174,,
35,40,5,7.346938776,22.93146706,,
35,40,5,7.653061224,23.31252861,,
35,40,5,7.959183673,23.67501068,,
35,40,5,8.265306122,24.0189209,,
35,40,5,8.571428571,24.35119057,,
35,40,5,8.87755102,24.67201996,,
35,40,5,9.183673469,24.97581673,,
35,40,5,9.489795918,25.26977539,,
35,40,5,9.795918367,25.54515839,,
35,40,5,10.10204082,25.80196762,,
35,40,5,10.40816327,26.04019928,,
35,40,5,10.71428571,26.25985718,,
35,40,5,11.02040816,26.46094322,,
35,40,5,11.32653061,26.64345169,,
35,40,5,11.63265306,26.8073864,,
35,40,5,11.93877551,26.95274544,,
35,40,5,12.24489796,27.0795269,,
35,40,5,12.55102041,27.18773651,,
35,40,5,12.85714286,27.27737427,,
35,40,5,13.16326531,27.34747887,,
35,40,5,13.46938776,27.3389473,,
35,40,5,13.7755102,27.2737999,,
35,40,5,14.08163265,27.19008636,,
35,40,5,14.3877551,27.08779335,,
35,40,5,14.69387755,26.96692657,,
35,40,5,15,26.82748413,,27.34747887
45,30,0,0,4.916192532,,
45,30,0,0.306122449,6.187658787,,
45,30,0,0.612244898,7.545559883,,
45,30,0,0.918367347,8.908224106,,
45,30,0,1.224489796,10.27977753,,
45,30,0,1.530612245,11.65128136,,
45,30,0,1.836734694,12.89204979,,
45,30,0,2.142857143,13.97107506,,
45,30,0,2.448979592,14.71171188,,
45,30,0,2.755102041,15.42186737,,
45,30,0,3.06122449,16.14203453,,
45,30,0,3.367346939,16.8448925,,
45,30,0,3.673469388,17.50896263,,
45,30,0,3.979591837,18.14109802,,
45,30,0,4.285714286,18.76028633,,
45,30,0,4.591836735,19.280756,,
45,30,0,4.897959184,19.76931572,,
45,30,0,5.204081633,20.23929787,,
45,30,0,5.510204082,20.70174599,,
45,30,0,5.816326531,21.10848999,,
45,30,0,6.12244898,21.59671974,,
45,30,0,6.428571429,22.06637383,,
45,30,0,6.734693878,22.51863289,,
45,30,0,7.040816327,22.95352554,,
45,30,0,7.346938776,23.34615898,,
45,30,0,7.653061224,23.69260216,,
45,30,0,7.959183673,24.00449371,,
45,30,0,8.265306122,24.25008965,,
45,30,0,8.571428571,24.4596386,,
45,30,0,8.87755102,24.65169525,,
45,30,0,9.183673469,24.82839584,,
45,30,0,9.489795918,25.01330185,,
45,30,0,9.795918367,25.19404411,,
45,30,0,10.10204082,25.35621262,,
45,30,0,10.40816327,25.49980736,,
45,30,0,10.71428571,25.62482643,,
45,30,0,11.02040816,25.72608948,,
45,30,0,11.32653061,25.80208969,,
45,30,0,11.63265306,25.85951996,,
45,30,0,11.93877551,25.89836884,,
45,30,0,12.24489796,25.91864586,,
45,30,0,12.55102041,25.92034912,,
45,30,0,12.85714286,25.93711472,,
45,30,0,13.16326531,25.93667984,,
45,30,0,13.46938776,25.92655945,,
45,30,0,13.7755102,25.89816284,,
45,30,0,14.08163265,25.86867523,,
45,30,0,14.3877551,25.82266045,,
45,30,0,14.69387755,25.75806427,,
45,30,0,15,25.67490196,,25.93711472
45,30,1,0,6.29855299,,
45,30,1,0.306122449,7.640490055,,
45,30,1,0.612244898,9.044668198,,
45,30,1,0.918367347,10.37226486,,
45,30,1,1.224489796,11.58251286,,
45,30,1,1.530612245,12.77418709,,
45,30,1,1.836734694,13.95334625,,
45,30,1,2.142857143,15.14321518,,
45,30,1,2.448979592,16.33105659,,
45,30,1,2.755102041,17.18438339,,
45,30,1,3.06122449,18.01913452,,
45,30,1,3.367346939,18.83531189,,
45,30,1,3.673469388,19.63291168,,
45,30,1,3.979591837,20.41193962,,
45,30,1,4.285714286,21.22661018,,
45,30,1,4.591836735,21.96888351,,
45,30,1,4.897959184,22.62959862,,
45,30,1,5.204081633,23.24432182,,
45,30,1,5.510204082,23.84308624,,
45,30,1,5.816326531,24.42327309,,
45,30,1,6.12244898,24.99458694,,
45,30,1,6.428571429,25.54959488,,
45,30,1,6.734693878,26.08189774,,
45,30,1,7.040816327,26.58347321,,
45,30,1,7.346938776,27.05971527,,
45,30,1,7.653061224,27.47559166,,
45,30,1,7.959183673,27.87187767,,
45,30,1,8.265306122,28.25102997,,
45,30,1,8.571428571,28.6116066,,
45,30,1,8.87755102,28.95360565,,
45,30,1,9.183673469,29.27703476,,
45,30,1,9.489795918,29.58188629,,
45,30,1,9.795918367,29.86143875,,
45,30,1,10.10204082,30.12082291,,
45,30,1,10.40816327,30.35213852,,
45,30,1,10.71428571,30.52142715,,
45,30,1,11.02040816,30.66637421,,
45,30,1,11.32653061,30.79274559,,
45,30,1,11.63265306,30.90054321,,
45,30,1,11.93877551,30.98976135,,
45,30,1,12.24489796,31.06040955,,
45,30,1,12.55102041,31.11248398,,
45,30,1,12.85714286,31.14598083,,
45,30,1,13.16326531,31.16090202,,
45,30,1,13.46938776,31.15724945,,
45,30,1,13.7755102,31.13502502,,
45,30,1,14.08163265,31.09421921,,
45,30,1,14.3877551,31.03484344,,
45,30,1,14.69387755,30.95689011,,
45,30,1,15,30.86036301,,31.16090202
45,30,2,0,7.223810673,,
45,30,2,0.306122449,8.522741318,,
45,30,2,0.612244898,9.804908752,,
45,30,2,0.918367347,11.06850052,,
45,30,2,1.224489796,12.31351757,,
45,30,2,1.530612245,13.5465107,,
45,30,2,1.836734694,14.77120304,,
45,30,2,2.142857143,15.97731876,,
45,30,2,2.448979592,17.16486168,,
45,30,2,2.755102041,18.33382797,,
45,30,2,3.06122449,19.34418488,,
45,30,2,3.367346939,20.22788429,,
45,30,2,3.673469388,21.01507568,,
45,30,2,3.979591837,21.79532433,,
45,30,2,4.285714286,22.57098389,,
45,30,2,4.591836735,23.32806396,,
45,30,2,4.897959184,24.06657028,,
45,30,2,5.204081633,24.78650284,,
45,30,2,5.510204082,25.4775753,,
45,30,2,5.816326531,26.07818031,,
45,30,2,6.12244898,26.69427872,,
45,30,2,6.428571429,27.29229355,,
45,30,2,6.734693878,27.94191742,,
45,30,2,7.040816327,28.55295563,,
45,30,2,7.346938776,29.08616638,,
45,30,2,7.653061224,29.60079956,,
45,30,2,7.959183673,30.09685898,,
45,30,2,8.265306122,30.57434273,,
45,30,2,8.571428571,31.03325272,,
45,30,2,8.87755102,31.47358894,,
45,30,2,9.183673469,31.89535141,,
45,30,2,9.489795918,32.29853821,,
45,30,2,9.795918367,32.68314362,,
45,30,2,10.10204082,33.02673721,,
45,30,2,10.40816327,33.31468201,,
45,30,2,10.71428571,33.58405304,,
45,30,2,11.02040816,33.83006668,,
45,30,2,11.32653061,34.03195953,,
45,30,2,11.63265306,34.21527481,,
45,30,2,11.93877551,34.38001251,,
45,30,2,12.24489796,34.52617645,,
45,30,2,12.55102041,34.65377426,,
45,30,2,12.85714286,34.76278687,,
45,30,2,13.16326531,34.85323334,,
45,30,2,13.46938776,34.9250946,,
45,30,2,13.7755102,34.97838974,,
45,30,2,14.08163265,35.01310349,,
45,30,2,14.3877551,35.02924728,,
45,30,2,14.69387755,35.02680969,,
45,30,2,15,35.00580597,,35.02924728
45,30,3,0,7.636500359,,
45,30,3,0.306122449,8.972789764,,
45,30,3,0.612244898,10.29050446,,
45,30,3,0.918367347,11.58964539,,
45,30,3,1.224489796,12.87020969,,
45,30,3,1.530612245,14.13219833,,
45,30,3,1.836734694,15.37561417,,
45,30,3,2.142857143,16.60045433,,
45,30,3,2.448979592,17.75612068,,
45,30,3,2.755102041,18.88393402,,
45,30,3,3.06122449,19.99850273,,
45,30,3,3.367346939,21.13877678,,
45,30,3,3.673469388,22.25619125,,
45,30,3,3.979591837,23.06866074,,
45,30,3,4.285714286,23.85202599,,
45,30,3,4.591836735,24.61681747,,
45,30,3,4.897959184,25.36780548,,
45,30,3,5.204081633,26.10286331,,
45,30,3,5.510204082,26.81417847,,
45,30,3,5.816326531,27.50732422,,
45,30,3,6.12244898,28.20026779,,
45,30,3,6.428571429,28.86351776,,
45,30,3,6.734693878,29.35036469,,
45,30,3,7.040816327,29.82610703,,
45,30,3,7.346938776,30.29071045,,
45,30,3,7.653061224,30.75681877,,
45,30,3,7.959183673,31.20435333,,
45,30,3,8.265306122,31.63331413,,
45,30,3,8.571428571,32.09605026,,
45,30,3,8.87755102,32.55948639,,
45,30,3,9.183673469,33.01358414,,
45,30,3,9.489795918,33.44910049,,
45,30,3,9.795918367,33.83718109,,
45,30,3,10.10204082,34.18694305,,
45,30,3,10.40816327,34.50722122,,
45,30,3,10.71428571,34.80892181,,
45,30,3,11.02040816,35.09205246,,
45,30,3,11.32653061,35.35660553,,
45,30,3,11.63265306,35.57984161,,
45,30,3,11.93877551,35.77938843,,
45,30,3,12.24489796,35.96036148,,
45,30,3,12.55102041,36.12275696,,
45,30,3,12.85714286,36.26658249,,
45,30,3,13.16326531,36.39183044,,
45,30,3,13.46938776,36.49850082,,
45,30,3,13.7755102,36.58660126,,
45,30,3,14.08163265,36.6561203,,
45,30,3,14.3877551,36.70678711,,
45,30,3,14.69387755,36.73767853,,
45,30,3,15,36.74999237,,36.74999237
45,30,4,0,7.641164303,,
45,30,4,0.306122449,9.01077652,,
45,30,4,0.612244898,10.32341194,,
45,30,4,0.918367347,11.61390495,,
45,30,4,1.224489796,12.88322544,,
45,30,4,1.530612245,14.11865997,,
45,30,4,1.836734694,15.33551979,,
45,30,4,2.142857143,16.53380585,,
45,30,4,2.448979592,17.71351624,,
45,30,4,2.755102041,18.87465096,,
45,30,4,3.06122449,20.01721191,,
45,30,4,3.367346939,21.14119911,,
45,30,4,3.673469388,22.27844238,,
45,30,4,3.979591837,23.40943718,,
45,30,4,4.285714286,24.48386574,,
45,30,4,4.591836735,25.31066895,,
45,30,4,4.897959184,26.11671448,,
45,30,4,5.204081633,26.90373611,,
45,30,4,5.510204082,27.67218018,,
45,30,4,5.816326531,28.4028759,,
45,30,4,6.12244898,29.03679657,,
45,30,4,6.428571429,29.65340424,,
45,30,4,6.734693878,30.26003647,,
45,30,4,7.040816327,30.85230255,,
45,30,4,7.346938776,31.42598915,,
45,30,4,7.653061224,31.89948463,,
45,30,4,7.959183673,32.35282516,,
45,30,4,8.265306122,32.78759003,,
45,30,4,8.571428571,33.20378113,,
45,30,4,8.87755102,33.60139084,,
45,30,4,9.183673469,34.00603104,,
45,30,4,9.489795918,34.34695435,,
45,30,4,9.795918367,34.66930771,,
45,30,4,10.10204082,34.9730835,,
45,30,4,10.40816327,35.30527496,,
45,30,4,10.71428571,35.62275696,,
45,30,4,11.02040816,35.93398285,,
45,30,4,11.32653061,36.2318573,,
45,30,4,11.63265306,36.48935318,,
45,30,4,11.93877551,36.72222137,,
45,30,4,12.24489796,36.93651962,,
45,30,4,12.55102041,37.1322403,,
45,30,4,12.85714286,37.30938721,,
45,30,4,13.16326531,37.46796036,,
45,30,4,13.46938776,37.60795593,,
45,30,4,13.7755102,37.72937775,,
45,30,4,14.08163265,37.83222961,,
45,30,4,14.3877551,37.91649628,,
45,30,4,14.69387755,37.98219299,,
45,30,4,15,38.02931976,,38.02931976
45,30,5,0,7.011149406,,
45,30,5,0.306122449,8.359592438,,
45,30,5,0.612244898,9.684078217,,
45,30,5,0.918367347,10.98998737,,
45,30,5,1.224489796,12.27732182,,
45,30,5,1.530612245,13.54608059,,
45,30,5,1.836734694,14.79626465,,
45,30,5,2.142857143,16.02787209,,
45,30,5,2.448979592,17.27613449,,
45,30,5,2.755102041,18.51475143,,
45,30,5,3.06122449,19.73479462,,
45,30,5,3.367346939,20.93626404,,
45,30,5,3.673469388,22.11915588,,
45,30,5,3.979591837,23.28347397,,
45,30,5,4.285714286,24.45393372,,
45,30,5,4.591836735,25.4922142,,
45,30,5,4.897959184,26.33378601,,
45,30,5,5.204081633,27.15050125,,
45,30,5,5.510204082,27.85754967,,
45,30,5,5.816326531,28.54602432,,
45,30,5,6.12244898,29.21592712,,
45,30,5,6.428571429,29.86668777,,
45,30,5,6.734693878,30.50720596,,
45,30,5,7.040816327,31.13279343,,
45,30,5,7.346938776,31.73980522,,
45,30,5,7.653061224,32.32823944,,
45,30,5,7.959183673,32.89810181,,
45,30,5,8.265306122,33.44939041,,
45,30,5,8.571428571,33.90209579,,
45,30,5,8.87755102,34.30218506,,
45,30,5,9.183673469,34.65221024,,
45,30,5,9.489795918,34.99591064,,
45,30,5,9.795918367,35.32171631,,
45,30,5,10.10204082,35.62895203,,
45,30,5,10.40816327,35.91761017,,
45,30,5,10.71428571,36.20827484,,
45,30,5,11.02040816,36.49095917,,
45,30,5,11.32653061,36.75506592,,
45,30,5,11.63265306,37.00059509,,
45,30,5,11.93877551,37.22755432,,
45,30,5,12.24489796,37.47058487,,
45,30,5,12.55102041,37.70547485,,
45,30,5,12.85714286,37.92178726,,
45,30,5,13.16326531,38.11408615,,
45,30,5,13.46938776,38.28740311,,
45,30,5,13.7755102,38.4421463,,
45,30,5,14.08163265,38.57831955,,
45,30,5,14.3877551,38.69591522,,
45,30,5,14.69387755,38.79493332,,
45,30,5,15,38.87538147,,38.87538147
45,40,0,0,5.19732666,,
45,40,0,0.306122449,6.467140198,,
45,40,0,0.612244898,7.797561646,,
45,40,0,0.918367347,9.170963287,,
45,40,0,1.224489796,10.44795799,,
45,40,0,1.530612245,11.64245987,,
45,40,0,1.836734694,12.67658806,,
45,40,0,2.142857143,13.56208229,,
45,40,0,2.448979592,14.16626167,,
45,40,0,2.755102041,14.75186443,,
45,40,0,3.06122449,15.31889248,,
45,40,0,3.367346939,15.86319923,,
45,40,0,3.673469388,16.38723946,,
45,40,0,3.979591837,16.89270401,,
45,40,0,4.285714286,17.37462234,,
45,40,0,4.591836735,17.83081436,,
45,40,0,4.897959184,18.2699852,,
45,40,0,5.204081633,18.70929337,,
45,40,0,5.510204082,19.13221741,,
45,40,0,5.816326531,19.53656387,,
45,40,0,6.12244898,19.92043686,,
45,40,0,6.428571429,20.26499557,,
45,40,0,6.734693878,20.5849514,,
45,40,0,7.040816327,20.87101555,,
45,40,0,7.346938776,21.08485031,,
45,40,0,7.653061224,21.2687149,,
45,40,0,7.959183673,21.37384605,,
45,40,0,8.265306122,21.46040344,,
45,40,0,8.571428571,21.52838898,,
45,40,0,8.87755102,21.57779884,,
45,40,0,9.183673469,21.60961533,,
45,40,0,9.489795918,21.62401009,,
45,40,0,9.795918367,21.59495163,,
45,40,0,10.10204082,21.54426384,,
45,40,0,10.40816327,21.47907448,,
45,40,0,10.71428571,21.42746544,,
45,40,0,11.02040816,21.35728073,,
45,40,0,11.32653061,21.26852036,,
45,40,0,11.63265306,21.16118622,,
45,40,0,11.93877551,21.06541634,,
45,40,0,12.24489796,20.95910454,,
45,40,0,12.55102041,20.83422089,,
45,40,0,12.85714286,20.69075584,,
45,40,0,13.16326531,20.52872276,,
45,40,0,13.46938776,20.35531616,,
45,40,0,13.7755102,20.18367004,,
45,40,0,14.08163265,19.99392319,,
45,40,0,14.3877551,19.78559303,,
45,40,0,14.69387755,19.55869484,,
45,40,0,15,19.31321716,,21.62401009
45,40,1,0,5.827307701,,
45,40,1,0.306122449,7.095723629,,
45,40,1,0.612244898,8.443125725,,
45,40,1,0.918367347,9.793319702,,
45,40,1,1.224489796,11.1257515,,
45,40,1,1.530612245,12.43966293,,
45,40,1,1.836734694,13.73500061,,
45,40,1,2.142857143,15.01176453,,
45,40,1,2.448979592,16.11649323,,
45,40,1,2.755102041,17.05184555,,
45,40,1,3.06122449,17.77406311,,
45,40,1,3.367346939,18.42749405,,
45,40,1,3.673469388,19.06058502,,
45,40,1,3.979591837,19.63025856,,
45,40,1,4.285714286,20.1384182,,
45,40,1,4.591836735,20.63569641,,
45,40,1,4.897959184,21.11439896,,
45,40,1,5.204081633,21.57452774,,
45,40,1,5.510204082,22.01608467,,
45,40,1,5.816326531,22.43195343,,
45,40,1,6.12244898,22.82789421,,
45,40,1,6.428571429,23.18718529,,
45,40,1,6.734693878,23.4519558,,
45,40,1,7.040816327,23.68813324,,
45,40,1,7.346938776,23.90573883,,
45,40,1,7.653061224,24.10476685,,
45,40,1,7.959183673,24.2976799,,
45,40,1,8.265306122,24.49773407,,
45,40,1,8.571428571,24.69360733,,
45,40,1,8.87755102,24.8281517,,
45,40,1,9.183673469,24.96369362,,
45,40,1,9.489795918,25.08065987,,
45,40,1,9.795918367,25.17905045,,
45,40,1,10.10204082,25.25886345,,
45,40,1,10.40816327,25.32011032,,
45,40,1,10.71428571,25.36305618,,
45,40,1,11.02040816,25.38928223,,
45,40,1,11.32653061,25.39693451,,
45,40,1,11.63265306,25.38600922,,
45,40,1,11.93877551,25.35651016,,
45,40,1,12.24489796,25.30843544,,
45,40,1,12.55102041,25.24178696,,
45,40,1,12.85714286,25.15656281,,
45,40,1,13.16326531,25.05276299,,
45,40,1,13.46938776,24.93038559,,
45,40,1,13.7755102,24.78944016,,
45,40,1,14.08163265,24.62991714,,
45,40,1,14.3877551,24.45181274,,
45,40,1,14.69387755,24.25514412,,
45,40,1,15,24.03989983,,25.39693451
45,40,2,0,5.820961952,,
45,40,2,0.306122449,7.171322346,,
45,40,2,0.612244898,8.551379204,,
45,40,2,0.918367347,9.912862778,,
45,40,2,1.224489796,11.25577068,,
45,40,2,1.530612245,12.58010292,,
45,40,2,1.836734694,13.88586044,,
45,40,2,2.142857143,15.13393974,,
45,40,2,2.448979592,16.33768845,,
45,40,2,2.755102041,17.58950996,,
45,40,2,3.06122449,18.6462574,,
45,40,2,3.367346939,19.33390045,,
45,40,2,3.673469388,19.95917511,,
45,40,2,3.979591837,20.54008484,,
45,40,2,4.285714286,21.12250519,,
45,40,2,4.591836735,21.70960236,,
45,40,2,4.897959184,22.27614021,,
45,40,2,5.204081633,22.82377052,,
45,40,2,5.510204082,23.35282516,,
45,40,2,5.816326531,23.86330414,,
45,40,2,6.12244898,24.28515053,,
45,40,2,6.428571429,24.65594101,,
45,40,2,6.734693878,25.03251266,,
45,40,2,7.040816327,25.39879036,,
45,40,2,7.346938776,25.74649048,,
45,40,2,7.653061224,26.07561684,,
45,40,2,7.959183673,26.38617134,,
45,40,2,8.265306122,26.67814636,,
45,40,2,8.571428571,26.95367432,,
45,40,2,8.87755102,27.25357819,,
45,40,2,9.183673469,27.5349102,,
45,40,2,9.489795918,27.79766464,,
45,40,2,9.795918367,27.95088577,,
45,40,2,10.10204082,28.08327866,,
45,40,2,10.40816327,28.20409203,,
45,40,2,10.71428571,28.31234932,,
45,40,2,11.02040816,28.40203094,,
45,40,2,11.32653061,28.4731369,,
45,40,2,11.63265306,28.52567482,,
45,40,2,11.93877551,28.55963135,,
45,40,2,12.24489796,28.57501602,,
45,40,2,12.55102041,28.60422897,,
45,40,2,12.85714286,28.62285614,,
45,40,2,13.16326531,28.62290573,,
45,40,2,13.46938776,28.60438538,,
45,40,2,13.7755102,28.56728363,,
45,40,2,14.08163265,28.51161194,,
45,40,2,14.3877551,28.43736076,,
45,40,2,14.69387755,28.34454155,,
45,40,2,15,28.23314095,,28.62290573
45,40,3,0,5.425297737,,
45,40,3,0.306122449,6.917671204,,
45,40,3,0.612244898,8.423825264,,
45,40,3,0.918367347,9.901996613,,
45,40,3,1.224489796,11.29166412,,
45,40,3,1.530612245,12.66275597,,
45,40,3,1.836734694,14.01527405,,
45,40,3,2.142857143,15.34921551,,
45,40,3,2.448979592,16.66458321,,
45,40,3,2.755102041,17.975214,,
45,40,3,3.06122449,18.9462719,,
45,40,3,3.367346939,19.62836838,,
45,40,3,3.673469388,20.29191589,,
45,40,3,3.979591837,20.93688965,,
45,40,3,4.285714286,21.56840515,,
45,40,3,4.591836735,22.1949749,,
45,40,3,4.897959184,22.81640244,,
45,40,3,5.204081633,23.4192543,,
45,40,3,5.510204082,23.95461464,,
45,40,3,5.816326531,24.43595886,,
45,40,3,6.12244898,24.8987236,,
45,40,3,6.428571429,25.34164047,,
45,40,3,6.734693878,25.77276993,,
45,40,3,7.040816327,26.19122314,,
45,40,3,7.346938776,26.5911026,,
45,40,3,7.653061224,26.97240829,,
45,40,3,7.959183673,27.33513832,,
45,40,3,8.265306122,27.67651939,,
45,40,3,8.571428571,27.99625778,,
45,40,3,8.87755102,28.2974205,,
45,40,3,9.183673469,28.58000755,,
45,40,3,9.489795918,28.84402084,,
45,40,3,9.795918367,29.08945847,,
45,40,3,10.10204082,29.31632233,,
45,40,3,10.40816327,29.52542114,,
45,40,3,10.71428571,29.67688942,,
45,40,3,11.02040816,29.79989243,,
45,40,3,11.32653061,29.90432549,,
45,40,3,11.63265306,29.99017906,,
45,40,3,11.93877551,30.05746269,,
45,40,3,12.24489796,30.10617065,,
45,40,3,12.55102041,30.13629913,,
45,40,3,12.85714286,30.14785767,,
45,40,3,13.16326531,30.14083862,,
45,40,3,13.46938776,30.11524582,,
45,40,3,13.7755102,30.07107735,,
45,40,3,14.08163265,30.02741051,,
45,40,3,14.3877551,29.98648453,,
45,40,3,14.69387755,29.92698669,,
45,40,3,15,29.84891129,,30.14785767
45,40,4,0,5.758822918,,
45,40,4,0.306122449,7.237537384,,
45,40,4,0.612244898,8.702793121,,
45,40,4,0.918367347,10.15439224,,
45,40,4,1.224489796,11.58741474,,
45,40,4,1.530612245,13.00186348,,
45,40,4,1.836734694,14.40153694,,
45,40,4,2.142857143,15.83265972,,
45,40,4,2.448979592,17.07289124,,
45,40,4,2.755102041,18.19760132,,
45,40,4,3.06122449,19.04808807,,
45,40,4,3.367346939,19.79579163,,
45,40,4,3.673469388,20.52491951,,
45,40,4,3.979591837,21.23547363,,
45,40,4,4.285714286,21.92745209,,
45,40,4,4.591836735,22.60085487,,
45,40,4,4.897959184,23.21284485,,
45,40,4,5.204081633,23.75172615,,
45,40,4,5.510204082,24.27202988,,
45,40,4,5.816326531,24.77375793,,
45,40,4,6.12244898,25.26415634,,
45,40,4,6.428571429,25.74167061,,
45,40,4,6.734693878,26.20926094,,
45,40,4,7.040816327,26.66369247,,
45,40,4,7.346938776,27.09955215,,
45,40,4,7.653061224,27.51683235,,
45,40,4,7.959183673,27.91471481,,
45,40,4,8.265306122,28.29219246,,
45,40,4,8.571428571,28.65109634,,
45,40,4,8.87755102,28.99142456,,
45,40,4,9.183673469,29.31317902,,
45,40,4,9.489795918,29.6163559,,
45,40,4,9.795918367,29.90096283,,
45,40,4,10.10204082,30.16698837,,
45,40,4,10.40816327,30.41033554,,
45,40,4,10.71428571,30.63337326,,
45,40,4,11.02040816,30.83783531,,
45,40,4,11.32653061,31.02371597,,
45,40,4,11.63265306,31.115345,,
45,40,4,11.93877551,31.17086983,,
45,40,4,12.24489796,31.20782471,,
45,40,4,12.55102041,31.27077484,,
45,40,4,12.85714286,31.31565475,,
45,40,4,13.16326531,31.34196091,,
45,40,4,13.46938776,31.34968948,,
45,40,4,13.7755102,31.3388443,,
45,40,4,14.08163265,31.30942535,,
45,40,4,14.3877551,31.26142883,,
45,40,4,14.69387755,31.19486237,,
45,40,4,15,31.10971451,,31.34968948
45,40,5,0,5.611524582,,
45,40,5,0.306122449,7.13359499,,
45,40,5,0.612244898,8.64973259,,
45,40,5,0.918367347,10.23782349,,
45,40,5,1.224489796,11.80733967,,
45,40,5,1.530612245,13.19797611,,
45,40,5,1.836734694,14.41506767,,
45,40,5,2.142857143,15.61358261,,
45,40,5,2.448979592,16.79352379,,
45,40,5,2.755102041,17.9548893,,
45,40,5,3.06122449,18.90366745,,
45,40,5,3.367346939,19.68864632,,
45,40,5,3.673469388,20.4510994,,
45,40,5,3.979591837,21.19497681,,
45,40,5,4.285714286,21.89032745,,
45,40,5,4.591836735,22.49968147,,
45,40,5,4.897959184,23.09046173,,
45,40,5,5.204081633,23.66266441,,
45,40,5,5.510204082,24.21629333,,
45,40,5,5.816326531,24.75134659,,
45,40,5,6.12244898,25.26782608,,
45,40,5,6.428571429,25.765728,,
45,40,5,6.734693878,26.25388908,,
45,40,5,7.040816327,26.72871208,,
45,40,5,7.346938776,27.18495941,,
45,40,5,7.653061224,27.62263107,,
45,40,5,7.959183673,28.05109215,,
45,40,5,8.265306122,28.46455002,,
45,40,5,8.571428571,28.85943031,,
45,40,5,8.87755102,29.23573685,,
45,40,5,9.183673469,29.59346771,,
45,40,5,9.489795918,29.93254471,,
45,40,5,9.795918367,30.25047302,,
45,40,5,10.10204082,30.54982758,,
45,40,5,10.40816327,30.83060074,,
45,40,5,10.71428571,31.09280396,,
45,40,5,11.02040816,31.33643532,,
45,40,5,11.32653061,31.56148529,,
45,40,5,11.63265306,31.76796341,,
45,40,5,11.93877551,31.95586777,,
45,40,5,12.24489796,32.12519455,,
45,40,5,12.55102041,32.2024498,,
45,40,5,12.85714286,32.23557663,,
45,40,5,13.16326531,32.2501297,,
45,40,5,13.46938776,32.24610519,,
45,40,5,13.7755102,32.22350311,,
45,40,5,14.08163265,32.18233109,,
45,40,5,14.3877551,32.16584015,,
45,40,5,14.69387755,32.13259506,,
45,40,5,15,32.0807724,,32.2501297
